Workbook

Sheet Raw
A1: txn_id | B1: device_id | C1: txn_time | D1: txn_type | E1: amount | F1: status | G1: error_code | H1: model (ВПР) | I1: location (ВПР) | J1: is_success | K1: service_cost (ВПР) | N1: device_id | O1: location | P1: model | Q1: last_online | R1: status | S1: cash_level
A2: T000001 | B2: ATM-001 | C2: 46266.158 | D2: снятие | E2: 15000 | F2: success | H2: =VLOOKUP(B2,$N$2:$S$41,3,FALSE()) -> Model-X | I2: =VLOOKUP(B2,$N$2:$S$41,2,FALSE()) -> Москва, Тверская | J2: =IF(F2="success",1,0) -> 1 | K2: =VLOOKUP(H2,Lookup!$A$4:$B$6,2,FALSE()) -> 18 | N2: ATM-001 | O2: Москва, Тверская | P2: Model-X | Q2: 46295.919 | R2: online | S2: 31
A3: T000002 | B3: ATM-036 | C3: 46266.317 | D3: снятие | E3: 15000 | F3: success | H3: =VLOOKUP(B3,$N$2:$S$41,3,FALSE()) -> Model-X | I3: =VLOOKUP(B3,$N$2:$S$41,2,FALSE()) -> Воронеж, Кольцовская | J3: =IF(F3="success",1,0) -> 1 | K3: =VLOOKUP(H3,Lookup!$A$4:$B$6,2,FALSE()) -> 18 | N3: ATM-002 | O3: Москва, Арбат | P3: Model-Y | Q3: 46295.803 | R3: online | S3: 59
A4: T000003 | B4: ATM-022 | C4: 46266.381 | D4: запрос баланса | E4: 0 | F4: success | H4: =VLOOKUP(B4,$N$2:$S$41,3,FALSE()) -> Model-X | I4: =VLOOKUP(B4,$N$2:$S$41,2,FALSE()) -> Новосибирск, Дуси Ковальчук | J4: =IF(F4="success",1,0) -> 1 | K4: =VLOOKUP(H4,Lookup!$A$4:$B$6,2,FALSE()) -> 18 | N4: ATM-003 | O4: Москва, Новослободская | P4: Model-Z | Q4: 46295.84 | R4: online | S4: 12
A5: T000004 | B5: ATM-006 | C5: 46266.385 | D5: запрос баланса | E5: 0 | F5: success | H5: =VLOOKUP(B5,$N$2:$S$41,3,FALSE()) -> Model-X | I5: =VLOOKUP(B5,$N$2:$S$41,2,FALSE()) -> Москва, Профсоюзная | J5: =IF(F5="success",1,0) -> 1 | K5: =VLOOKUP(H5,Lookup!$A$4:$B$6,2,FALSE()) -> 18 | N5: ATM-004 | O5: Москва, Ленинградский пр-т | P5: Model-X | Q5: 46295.926 | R5: online | S5: 39
A6: T000005 | B6: ATM-012 | C6: 46266.39 | D6: снятие | E6: 1000 | F6: success | H6: =VLOOKUP(B6,$N$2:$S$41,3,FALSE()) -> Model-Z | I6: =VLOOKUP(B6,$N$2:$S$41,2,FALSE()) -> Казань, Кремлёвская | J6: =IF(F6="success",1,0) -> 1 | K6: =VLOOKUP(H6,Lookup!$A$4:$B$6,2,FALSE()) -> 16 | N6: ATM-005 | O6: Москва, Кутузовский пр-т | P6: Model-Y | Q6: 46295.699 | R6: online | S6: 32
A7: T000006 | B7: ATM-034 | C7: 46266.463 | D7: запрос баланса | E7: 0 | F7: success | H7: =VLOOKUP(B7,$N$2:$S$41,3,FALSE()) -> Model-X | I7: =VLOOKUP(B7,$N$2:$S$41,2,FALSE()) -> Краснодар, Гимназическая | J7: =IF(F7="success",1,0) -> 1 | K7: =VLOOKUP(H7,Lookup!$A$4:$B$6,2,FALSE()) -> 18 | N7: ATM-006 | O7: Москва, Профсоюзная | P7: Model-X | Q7: 46295.978 | R7: online | S7: 39
A8: T000007 | B8: ATM-035 | C8: 46266.478 | D8: внесение | E8: 7000 | F8: success | H8: =VLOOKUP(B8,$N$2:$S$41,3,FALSE()) -> Model-Y | I8: =VLOOKUP(B8,$N$2:$S$41,2,FALSE()) -> Воронеж, Плехановская | J8: =IF(F8="success",1,0) -> 1 | K8: =VLOOKUP(H8,Lookup!$A$4:$B$6,2,FALSE()) -> 14 | N8: ATM-007 | O8: Санкт-Петербург, Невский пр-т | P8: Model-X | Q8: 46289.486 | R8: online | S8: 55
A9: T000008 | B9: ATM-036 | C9: 46266.48 | D9: снятие | E9: 2000 | F9: success | H9: =VLOOKUP(B9,$N$2:$S$41,3,FALSE()) -> Model-X | I9: =VLOOKUP(B9,$N$2:$S$41,2,FALSE()) -> Воронеж, Кольцовская | J9: =IF(F9="success",1,0) -> 1 | K9: =VLOOKUP(H9,Lookup!$A$4:$B$6,2,FALSE()) -> 18 | N9: ATM-008 | O9: Санкт-Петербург, Московский пр-т | P9: Model-Y | Q9: 46295.833 | R9: online | S9: 92
A10: T000009 | B10: ATM-030 | C10: 46266.543 | D10: снятие | E10: 1000 | F10: success | H10: =VLOOKUP(B10,$N$2:$S$41,3,FALSE()) -> Model-Z | I10: =VLOOKUP(B10,$N$2:$S$41,2,FALSE()) -> Ростов-на-Дону, Будённовский | J10: =IF(F10="success",1,0) -> 1 | K10: =VLOOKUP(H10,Lookup!$A$4:$B$6,2,FALSE()) -> 16 | N10: ATM-009 | O10: Санкт-Петербург, Лиговский пр-т | P10: Model-Z | Q10: 46283.132 | R10: offline | S10: 31
A11: T000010 | B11: ATM-032 | C11: 46266.569 | D11: запрос баланса | E11: 0 | F11: success | H11: =VLOOKUP(B11,$N$2:$S$41,3,FALSE()) -> Model-Y | I11: =VLOOKUP(B11,$N$2:$S$41,2,FALSE()) -> Краснодар, Красная | J11: =IF(F11="success",1,0) -> 1 | K11: =VLOOKUP(H11,Lookup!$A$4:$B$6,2,FALSE()) -> 14 | N11: ATM-010 | O11: Санкт-Петербург, Большой пр-т | P11: Model-X | Q11: 46295.6 | R11: online | S11: 53
A12: T000011 | B12: ATM-030 | C12: 46266.594 | D12: запрос баланса | E12: 0 | F12: success | H12: =VLOOKUP(B12,$N$2:$S$41,3,FALSE()) -> Model-Z | I12: =VLOOKUP(B12,$N$2:$S$41,2,FALSE()) -> Ростов-на-Дону, Будённовский | J12: =IF(F12="success",1,0) -> 1 | K12: =VLOOKUP(H12,Lookup!$A$4:$B$6,2,FALSE()) -> 16 | N12: ATM-011 | O12: Казань, Баумана | P12: Model-X | Q12: 46295.611 | R12: online | S12: 81
A13: T000012 | B13: ATM-007 | C13: 46266.612 | D13: перевод | E13: 10000 | F13: success | H13: =VLOOKUP(B13,$N$2:$S$41,3,FALSE()) -> Model-X | I13: =VLOOKUP(B13,$N$2:$S$41,2,FALSE()) -> Санкт-Петербург, Невский пр-т | J13: =IF(F13="success",1,0) -> 1 | K13: =VLOOKUP(H13,Lookup!$A$4:$B$6,2,FALSE()) -> 18 | N13: ATM-012 | O13: Казань, Кремлёвская | P13: Model-Z | Q13: 46294.639 | R13: maintenance | S13: 56
... A15: T000014 | B15: ATM-029 | C15: 46266.775 | D15: снятие | E15: 1500 | F15: success | H15: =VLOOKUP(B15,$N$2:$S$41,3,FALSE()) -> Model-Y | I15: =VLOOKUP(B15,$N$2:$S$41,2,FALSE()) -> Ростов-на-Дону, Садовая | J15: =IF(F15="success",1,0) -> 1 | K15: =VLOOKUP(H15,Lookup!$A$4:$B$6,2,FALSE()) -> 14 | N15: ATM-014 | O15: Казань, Чистопольская | P15: Model-Y | Q15: 46290.67 | R15: online | S15: 28
A16: T000015 | B16: ATM-004 | C16: 46266.812 | D16: снятие | E16: 10000 | F16: failed | G16: E01 | H16: =VLOOKUP(B16,$N$2:$S$41,3,FALSE()) -> Model-X | I16: =VLOOKUP(B16,$N$2:$S$41,2,FALSE()) -> Москва, Ленинградский пр-т | J16: =IF(F16="success",1,0) -> 0 | K16: =VLOOKUP(H16,Lookup!$A$4:$B$6,2,FALSE()) -> 18 | N16: ATM-015 | O16: Екатеринбург, Ленина | P16: Model-Z | Q16: 46295.885 | R16: online | S16: 82
A17: T000016 | B17: ATM-034 | C17: 46266.816 | D17: перевод | E17: 2000 | F17: success | H17: =VLOOKUP(B17,$N$2:$S$41,3,FALSE()) -> Model-X | I17: =VLOOKUP(B17,$N$2:$S$41,2,FALSE()) -> Краснодар, Гимназическая | J17: =IF(F17="success",1,0) -> 1 | K17: =VLOOKUP(H17,Lookup!$A$4:$B$6,2,FALSE()) -> 18 | N17: ATM-016 | O17: Екатеринбург, Малышева | P17: Model-X | Q17: 46295.757 | R17: online | S17: 63
A18: T000017 | B18: ATM-019 | C18: 46266.826 | D18: внесение | E18: 1500 | F18: success | H18: =VLOOKUP(B18,$N$2:$S$41,3,FALSE()) -> Model-X | I18: =VLOOKUP(B18,$N$2:$S$41,2,FALSE()) -> Новосибирск, Красный пр-т | J18: =IF(F18="success",1,0) -> 1 | K18: =VLOOKUP(H18,Lookup!$A$4:$B$6,2,FALSE()) -> 18 | N18: ATM-017 | O18: Екатеринбург, 8 Марта | P18: Model-Y | Q18: 46286.938 | R18: offline | S18: 47
A19: T000018 | B19: ATM-010 | C19: 46266.841 | D19: снятие | E19: 1000 | F19: success | H19: =VLOOKUP(B19,$N$2:$S$41,3,FALSE()) -> Model-X | I19: =VLOOKUP(B19,$N$2:$S$41,2,FALSE()) -> Санкт-Петербург, Большой пр-т | J19: =IF(F19="success",1,0) -> 1 | K19: =VLOOKUP(H19,Lookup!$A$4:$B$6,2,FALSE()) -> 18 | N19: ATM-018 | O19: Екатеринбург, Вайнера | P19: Model-Z | Q19: 46295.846 | R19: online | S19: 71
A20: T000019 | B20: ATM-017 | C20: 46267.353 | D20: запрос баланса | E20: 0 | F20: success | H20: =VLOOKUP(B20,$N$2:$S$41,3,FALSE()) -> Model-Y | I20: =VLOOKUP(B20,$N$2:$S$41,2,FALSE()) -> Екатеринбург, 8 Марта | J20: =IF(F20="success",1,0) -> 1 | K20: =VLOOKUP(H20,Lookup!$A$4:$B$6,2,FALSE()) -> 14 | N20: ATM-019 | O20: Новосибирск, Красный пр-т | P20: Model-X | Q20: 46295.926 | R20: online | S20: 17
A21: T000020 | B21: ATM-017 | C21: 46267.607 | D21: снятие | E21: 2000 | F21: success | H21: =VLOOKUP(B21,$N$2:$S$41,3,FALSE()) -> Model-Y | I21: =VLOOKUP(B21,$N$2:$S$41,2,FALSE()) -> Екатеринбург, 8 Марта | J21: =IF(F21="success",1,0) -> 1 | K21: =VLOOKUP(H21,Lookup!$A$4:$B$6,2,FALSE()) -> 14 | N21: ATM-020 | O21: Новосибирск, Ленина | P21: Model-Y | Q21: 46295.728 | R21: online | S21: 40
A22: T000021 | B22: ATM-025 | C22: 46267.612 | D22: снятие | E22: 1500 | F22: success | H22: =VLOOKUP(B22,$N$2:$S$41,3,FALSE()) -> Model-X | I22: =VLOOKUP(B22,$N$2:$S$41,2,FALSE()) -> Нижний Новгород, Белинского | J22: =IF(F22="success",1,0) -> 1 | K22: =VLOOKUP(H22,Lookup!$A$4:$B$6,2,FALSE()) -> 18 | N22: ATM-021 | O22: Новосибирск, Гоголя | P22: Model-X | Q22: 46295.744 | R22: online
A23: T000022 | B23: ATM-007 | C23: 46267.64 | D23: снятие | E23: 5000 | F23: timeout | H23: =VLOOKUP(B23,$N$2:$S$41,3,FALSE()) -> Model-X | I23: =VLOOKUP(B23,$N$2:$S$41,2,FALSE()) -> Санкт-Петербург, Невский пр-т | J23: =IF(F23="success",1,0) -> 0 | K23: =VLOOKUP(H23,Lookup!$A$4:$B$6,2,FALSE()) -> 18 | N23: ATM-022 | O23: Новосибирск, Дуси Ковальчук | P23: Model-X | Q23: 46291.385 | R23: online | S23: 61
A24: T000023 | B24: ATM-016 | C24: 46267.764 | D24: внесение | E24: 2000 | F24: success | H24: =VLOOKUP(B24,$N$2:$S$41,3,FALSE()) -> Model-X | I24: =VLOOKUP(B24,$N$2:$S$41,2,FALSE()) -> Екатеринбург, Малышева | J24: =IF(F24="success",1,0) -> 1 | K24: =VLOOKUP(H24,Lookup!$A$4:$B$6,2,FALSE()) -> 18 | N24: ATM-023 | O24: Нижний Новгород, Большая Покровская | P24: Model-Y | Q24: 46295.968 | R24: online | S24: 86
A25: T000024 | B25: ATM-008 | C25: 46267.785 | D25: запрос баланса | E25: 0 | F25: success | H25: =VLOOKUP(B25,$N$2:$S$41,3,FALSE()) -> Model-Y | I25: =VLOOKUP(B25,$N$2:$S$41,2,FALSE()) -> Санкт-Петербург, Московский пр-т | J25: =IF(F25="success",1,0) -> 1 | K25: =VLOOKUP(H25,Lookup!$A$4:$B$6,2,FALSE()) -> 14 | N25: ATM-024 | O25: Нижний Новгород, Рождественская | P25: Model-Z | Q25: 46295.617 | R25: online | S25: 43
A26: T000025 | B26: ATM-021 | C26: 46267.789 | D26: внесение | E26: 5000 | F26: timeout | H26: =VLOOKUP(B26,$N$2:$S$41,3,FALSE()) -> Model-X | I26: =VLOOKUP(B26,$N$2:$S$41,2,FALSE()) -> Новосибирск, Гоголя | J26: =IF(F26="success",1,0) -> 0 | K26: =VLOOKUP(H26,Lookup!$A$4:$B$6,2,FALSE()) -> 18 | N26: ATM-025 | O26: Нижний Новгород, Белинского | P26: Model-X | Q26: 46295.73 | R26: online | S26: 38
A27: T000026 | B27: ATM-004 | C27: 46267.84 | D27: снятие | E27: 1000 | F27: success | H27: =VLOOKUP(B27,$N$2:$S$41,3,FALSE()) -> Model-X | I27: =VLOOKUP(B27,$N$2:$S$41,2,FALSE()) -> Москва, Ленинградский пр-т | J27: =IF(F27="success",1,0) -> 1 | K27: =VLOOKUP(H27,Lookup!$A$4:$B$6,2,FALSE()) -> 18 | N27: ATM-026 | O27: Самара, Ленинградская | P27: Model-X | Q27: 46277.583 | R27: offline | S27: 65
A28: T000027 | B28: ATM-023 | C28: 46267.846 | D28: перевод | E28: 2000 | F28: success | H28: =VLOOKUP(B28,$N$2:$S$41,3,FALSE()) -> Model-Y | I28: =VLOOKUP(B28,$N$2:$S$41,2,FALSE()) -> Нижний Новгород, Большая Покровская | J28: =IF(F28="success",1,0) -> 1 | K28: =VLOOKUP(H28,Lookup!$A$4:$B$6,2,FALSE()) -> 14 | N28: ATM-027 | O28: Самара, Куйбышева | P28: Model-Z | Q28: 46295.742 | R28: online | S28: 52
A29: T000028 | B29: ATM-002 | C29: 46267.863 | D29: снятие | E29: 1500 | F29: failed | G29: E03 | H29: =VLOOKUP(B29,$N$2:$S$41,3,FALSE()) -> Model-Y | I29: =VLOOKUP(B29,$N$2:$S$41,2,FALSE()) -> Москва, Арбат | J29: =IF(F29="success",1,0) -> 0 | K29: =VLOOKUP(H29,Lookup!$A$4:$B$6,2,FALSE()) -> 14 | N29: ATM-028 | O29: Самара, Молодогвардейская | P29: Model-X | Q29: 46295.949 | R29: online | S29: 33
A30: T000029 | B30: ATM-019 | C30: 46267.897 | D30: запрос баланса | E30: 0 | F30: success | H30: =VLOOKUP(B30,$N$2:$S$41,3,FALSE()) -> Model-X | I30: =VLOOKUP(B30,$N$2:$S$41,2,FALSE()) -> Новосибирск, Красный пр-т | J30: =IF(F30="success",1,0) -> 1 | K30: =VLOOKUP(H30,Lookup!$A$4:$B$6,2,FALSE()) -> 18 | N30: ATM-029 | O30: Ростов-на-Дону, Садовая | P30: Model-Y | Q30: 46295.333 | R30: maintenance | S30: 57
A31: T000030 | B31: ATM-008 | C31: 46267.922 | D31: снятие | E31: 15000 | F31: success | H31: =VLOOKUP(B31,$N$2:$S$41,3,FALSE()) -> Model-Y | I31: =VLOOKUP(B31,$N$2:$S$41,2,FALSE()) -> Санкт-Петербург, Московский пр-т | J31: =IF(F31="success",1,0) -> 1 | K31: =VLOOKUP(H31,Lookup!$A$4:$B$6,2,FALSE()) -> 14 | N31: ATM-030 | O31: Ростов-на-Дону, Будённовский | P31: Model-Z | Q31: 46295.793 | R31: online | S31: 38
A32: T000031 | B32: ATM-035 | C32: 46267.937 | D32: снятие | E32: 1500 | F32: success | H32: =VLOOKUP(B32,$N$2:$S$41,3,FALSE()) -> Model-Y | I32: =VLOOKUP(B32,$N$2:$S$41,2,FALSE()) -> Воронеж, Плехановская | J32: =IF(F32="success",1,0) -> 1 | K32: =VLOOKUP(H32,Lookup!$A$4:$B$6,2,FALSE()) -> 14 | N32: ATM-031 | O32: Ростов-на-Дону, Пушкинская | P32: Model-X | Q32: 46295.833 | R32: online | S32: 18
A33: T000032 | B33: ATM-013 | C33: 46267.94 | D33: внесение | E33: 3000 | F33: success | H33: =VLOOKUP(B33,$N$2:$S$41,3,FALSE()) -> Model-X | I33: =VLOOKUP(B33,$N$2:$S$41,2,FALSE()) -> Казань, Пушкина | J33: =IF(F33="success",1,0) -> 1 | K33: =VLOOKUP(H33,Lookup!$A$4:$B$6,2,FALSE()) -> 18 | N33: ATM-032 | O33: Краснодар, Красная | P33: Model-Y | Q33: 46295.728 | R33: online | S33: 63
A34: T000033 | B34: ATM-032 | C34: 46268.281 | D34: перевод | E34: 15000 | F34: success | H34: =VLOOKUP(B34,$N$2:$S$41,3,FALSE()) -> Model-Y | I34: =VLOOKUP(B34,$N$2:$S$41,2,FALSE()) -> Краснодар, Красная | J34: =IF(F34="success",1,0) -> 1 | K34: =VLOOKUP(H34,Lookup!$A$4:$B$6,2,FALSE()) -> 14 | N34: ATM-033 | O34: Краснодар, Северная | P34: Model-Z | Q34: 46292.281 | R34: offline | S34: 86
A35: T000034 | B35: ATM-001 | C35: 46268.369 | D35: снятие | E35: 2000 | F35: success | H35: =VLOOKUP(B35,$N$2:$S$41,3,FALSE()) -> Model-X | I35: =VLOOKUP(B35,$N$2:$S$41,2,FALSE()) -> Москва, Тверская | J35: =IF(F35="success",1,0) -> 1 | K35: =VLOOKUP(H35,Lookup!$A$4:$B$6,2,FALSE()) -> 18 | N35: ATM-034 | O35: Краснодар, Гимназическая | P35: Model-X | Q35: 46295.74 | R35: online | S35: 48
A36: T000035 | B36: ATM-029 | C36: 46268.454 | D36: снятие | E36: 5000 | F36: success | H36: =VLOOKUP(B36,$N$2:$S$41,3,FALSE()) -> Model-Y | I36: =VLOOKUP(B36,$N$2:$S$41,2,FALSE()) -> Ростов-на-Дону, Садовая | J36: =IF(F36="success",1,0) -> 1 | K36: =VLOOKUP(H36,Lookup!$A$4:$B$6,2,FALSE()) -> 14 | N36: ATM-035 | O36: Воронеж, Плехановская | P36: Model-Y | Q36: 46295.735 | R36: online
A37: T000036 | B37: ATM-006 | C37: 46268.5 | D37: перевод | E37: 7000 | F37: success | H37: =VLOOKUP(B37,$N$2:$S$41,3,FALSE()) -> Model-X | I37: =VLOOKUP(B37,$N$2:$S$41,2,FALSE()) -> Москва, Профсоюзная | J37: =IF(F37="success",1,0) -> 1 | K37: =VLOOKUP(H37,Lookup!$A$4:$B$6,2,FALSE()) -> 18 | N37: ATM-036 | O37: Воронеж, Кольцовская | P37: Model-X | Q37: 46295.85 | R37: online | S37: 62
A38: T000037 | B38: ATM-032 | C38: 46268.513 | D38: снятие | E38: 15000 | F38: success | H38: =VLOOKUP(B38,$N$2:$S$41,3,FALSE()) -> Model-Y | I38: =VLOOKUP(B38,$N$2:$S$41,2,FALSE()) -> Краснодар, Красная | J38: =IF(F38="success",1,0) -> 1 | K38: =VLOOKUP(H38,Lookup!$A$4:$B$6,2,FALSE()) -> 14 | N38: ATM-037 | O38: Воронеж, Революции | P38: Model-X | Q38: 46295.948 | R38: online | S38: 49
A39: T000038 | B39: ATM-008 | C39: 46268.589 | D39: снятие | E39: 10000 | F39: success | H39: =VLOOKUP(B39,$N$2:$S$41,3,FALSE()) -> Model-Y | I39: =VLOOKUP(B39,$N$2:$S$41,2,FALSE()) -> Санкт-Петербург, Московский пр-т | J39: =IF(F39="success",1,0) -> 1 | K39: =VLOOKUP(H39,Lookup!$A$4:$B$6,2,FALSE()) -> 14 | N39: ATM-038 | O39: Уфа, Ленина | P39: Model-Y | Q39: 46295.619 | R39: online | S39: 59
A40: T000040 | B40: ATM-009 | C40: 46268.755 | D40: запрос баланса | E40: 0 | F40: success | H40: =VLOOKUP(B40,$N$2:$S$41,3,FALSE()) -> Model-Z | I40: =VLOOKUP(B40,$N$2:$S$41,2,FALSE()) -> Санкт-Петербург, Лиговский пр-т | J40: =IF(F40="success",1,0) -> 1 | K40: =VLOOKUP(H40,Lookup!$A$4:$B$6,2,FALSE()) -> 16 | N40: ATM-039 | O40: Уфа, Чернышевского | P40: Model-Z | Q40: 46295.883 | R40: online | S40: 87
A41: T000041 | B41: ATM-011 | C41: 46268.774 | D41: внесение | E41: 1000 | F41: success | H41: =VLOOKUP(B41,$N$2:$S$41,3,FALSE()) -> Model-X | I41: =VLOOKUP(B41,$N$2:$S$41,2,FALSE()) -> Казань, Баумана | J41: =IF(F41="success",1,0) -> 1 | K41: =VLOOKUP(H41,Lookup!$A$4:$B$6,2,FALSE()) -> 18 | N41: ATM-040 | O41: Уфа, Мингажева | P41: Model-X | Q41: 46295.729 | R41: online | S41: 62
A42: T000042 | B42: ATM-026 | C42: 46268.808 | D42: внесение | E42: 500 | F42: success | H42: =VLOOKUP(B42,$N$2:$S$41,3,FALSE()) -> Model-X | I42: =VLOOKUP(B42,$N$2:$S$41,2,FALSE()) -> Самара, Ленинградская | J42: =IF(F42="success",1,0) -> 1 | K42: =VLOOKUP(H42,Lookup!$A$4:$B$6,2,FALSE()) -> 18
A43: T000043 | B43: ATM-031 | C43: 46268.81 | D43: снятие | E43: 10000 | F43: success | H43: =VLOOKUP(B43,$N$2:$S$41,3,FALSE()) -> Model-X | I43: =VLOOKUP(B43,$N$2:$S$41,2,FALSE()) -> Ростов-на-Дону, Пушкинская | J43: =IF(F43="success",1,0) -> 1 | K43: =VLOOKUP(H43,Lookup!$A$4:$B$6,2,FALSE()) -> 18
A44: T000044 | B44: ATM-018 | C44: 46268.84 | D44: снятие | E44: 10000 | F44: success | H44: =VLOOKUP(B44,$N$2:$S$41,3,FALSE()) -> Model-Z | I44: =VLOOKUP(B44,$N$2:$S$41,2,FALSE()) -> Екатеринбург, Вайнера | J44: =IF(F44="success",1,0) -> 1 | K44: =VLOOKUP(H44,Lookup!$A$4:$B$6,2,FALSE()) -> 16
A45: T000045 | B45: ATM-027 | C45: 46268.841 | D45: запрос баланса | E45: 0 | F45: success | H45: =VLOOKUP(B45,$N$2:$S$41,3,FALSE()) -> Model-Z | I45: =VLOOKUP(B45,$N$2:$S$41,2,FALSE()) -> Самара, Куйбышева | J45: =IF(F45="success",1,0) -> 1 | K45: =VLOOKUP(H45,Lookup!$A$4:$B$6,2,FALSE()) -> 16
A46: T000046 | B46: ATM-008 | C46: 46268.856 | D46: перевод | E46: 500 | F46: success | H46: =VLOOKUP(B46,$N$2:$S$41,3,FALSE()) -> Model-Y | I46: =VLOOKUP(B46,$N$2:$S$41,2,FALSE()) -> Санкт-Петербург, Московский пр-т | J46: =IF(F46="success",1,0) -> 1 | K46: =VLOOKUP(H46,Lookup!$A$4:$B$6,2,FALSE()) -> 14
A47: T000047 | B47: ATM-021 | C47: 46268.899 | D47: снятие | E47: 3000 | F47: success | H47: =VLOOKUP(B47,$N$2:$S$41,3,FALSE()) -> Model-X | I47: =VLOOKUP(B47,$N$2:$S$41,2,FALSE()) -> Новосибирск, Гоголя | J47: =IF(F47="success",1,0) -> 1 | K47: =VLOOKUP(H47,Lookup!$A$4:$B$6,2,FALSE()) -> 18
A48: T000048 | B48: ATM-012 | C48: 46269.285 | D48: снятие | E48: 7000 | F48: success | H48: =VLOOKUP(B48,$N$2:$S$41,3,FALSE()) -> Model-Z | I48: =VLOOKUP(B48,$N$2:$S$41,2,FALSE()) -> Казань, Кремлёвская | J48: =IF(F48="success",1,0) -> 1 | K48: =VLOOKUP(H48,Lookup!$A$4:$B$6,2,FALSE()) -> 16
A49: T000049 | B49: ATM-005 | C49: 46269.34 | D49: снятие | E49: 1000 | F49: success | H49: =VLOOKUP(B49,$N$2:$S$41,3,FALSE()) -> Model-Y | I49: =VLOOKUP(B49,$N$2:$S$41,2,FALSE()) -> Москва, Кутузовский пр-т | J49: =IF(F49="success",1,0) -> 1 | K49: =VLOOKUP(H49,Lookup!$A$4:$B$6,2,FALSE()) -> 14
A50: T000050 | B50: ATM-027 | C50: 46269.346 | D50: снятие | E50: 3000 | F50: success | H50: =VLOOKUP(B50,$N$2:$S$41,3,FALSE()) -> Model-Z | I50: =VLOOKUP(B50,$N$2:$S$41,2,FALSE()) -> Самара, Куйбышева | J50: =IF(F50="success",1,0) -> 1 | K50: =VLOOKUP(H50,Lookup!$A$4:$B$6,2,FALSE()) -> 16
A51: T000051 | B51: ATM-004 | C51: 46269.349 | D51: снятие | E51: 1500 | F51: failed | G51: E02 | H51: =VLOOKUP(B51,$N$2:$S$41,3,FALSE()) -> Model-X | I51: =VLOOKUP(B51,$N$2:$S$41,2,FALSE()) -> Москва, Ленинградский пр-т | J51: =IF(F51="success",1,0) -> 0 | K51: =VLOOKUP(H51,Lookup!$A$4:$B$6,2,FALSE()) -> 18
A52: T000052 | B52: ATM-034 | C52: 46269.365 | D52: перевод | E52: 5000 | F52: timeout | H52: =VLOOKUP(B52,$N$2:$S$41,3,FALSE()) -> Model-X | I52: =VLOOKUP(B52,$N$2:$S$41,2,FALSE()) -> Краснодар, Гимназическая | J52: =IF(F52="success",1,0) -> 0 | K52: =VLOOKUP(H52,Lookup!$A$4:$B$6,2,FALSE()) -> 18
A53: T000053 | B53: ATM-004 | C53: 46269.367 | D53: снятие | E53: 5000 | F53: success | H53: =VLOOKUP(B53,$N$2:$S$41,3,FALSE()) -> Model-X | I53: =VLOOKUP(B53,$N$2:$S$41,2,FALSE()) -> Москва, Ленинградский пр-т | J53: =IF(F53="success",1,0) -> 1 | K53: =VLOOKUP(H53,Lookup!$A$4:$B$6,2,FALSE()) -> 18
A54: T000054 | B54: ATM-023 | C54: 46269.375 | D54: снятие | E54: 15000 | F54: success | H54: =VLOOKUP(B54,$N$2:$S$41,3,FALSE()) -> Model-Y | I54: =VLOOKUP(B54,$N$2:$S$41,2,FALSE()) -> Нижний Новгород, Большая Покровская | J54: =IF(F54="success",1,0) -> 1 | K54: =VLOOKUP(H54,Lookup!$A$4:$B$6,2,FALSE()) -> 14
A55: T000055 | B55: ATM-025 | C55: 46269.384 | D55: внесение | E55: 5000 | F55: success | H55: =VLOOKUP(B55,$N$2:$S$41,3,FALSE()) -> Model-X | I55: =VLOOKUP(B55,$N$2:$S$41,2,FALSE()) -> Нижний Новгород, Белинского | J55: =IF(F55="success",1,0) -> 1 | K55: =VLOOKUP(H55,Lookup!$A$4:$B$6,2,FALSE()) -> 18
A56: T000056 | B56: ATM-034 | C56: 46269.386 | D56: внесение | E56: 15000 | F56: timeout | H56: =VLOOKUP(B56,$N$2:$S$41,3,FALSE()) -> Model-X | I56: =VLOOKUP(B56,$N$2:$S$41,2,FALSE()) -> Краснодар, Гимназическая | J56: =IF(F56="success",1,0) -> 0 | K56: =VLOOKUP(H56,Lookup!$A$4:$B$6,2,FALSE()) -> 18
A57: T000057 | B57: ATM-034 | C57: 46269.389 | D57: перевод | E57: 15000 | F57: success | H57: =VLOOKUP(B57,$N$2:$S$41,3,FALSE()) -> Model-X | I57: =VLOOKUP(B57,$N$2:$S$41,2,FALSE()) -> Краснодар, Гимназическая | J57: =IF(F57="success",1,0) -> 1 | K57: =VLOOKUP(H57,Lookup!$A$4:$B$6,2,FALSE()) -> 18
A58: T000058 | B58: ATM-023 | C58: 46269.397 | D58: внесение | E58: 2000 | F58: success | H58: =VLOOKUP(B58,$N$2:$S$41,3,FALSE()) -> Model-Y | I58: =VLOOKUP(B58,$N$2:$S$41,2,FALSE()) -> Нижний Новгород, Большая Покровская | J58: =IF(F58="success",1,0) -> 1 | K58: =VLOOKUP(H58,Lookup!$A$4:$B$6,2,FALSE()) -> 14
A59: T000059 | B59: ATM-003 | C59: 46269.397 | D59: снятие | E59: 1500 | F59: success | H59: =VLOOKUP(B59,$N$2:$S$41,3,FALSE()) -> Model-Z | I59: =VLOOKUP(B59,$N$2:$S$41,2,FALSE()) -> Москва, Новослободская | J59: =IF(F59="success",1,0) -> 1 | K59: =VLOOKUP(H59,Lookup!$A$4:$B$6,2,FALSE()) -> 16
A60: T000060 | B60: ATM-002 | C60: 46269.401 | D60: внесение | E60: 15000 | F60: success | H60: =VLOOKUP(B60,$N$2:$S$41,3,FALSE()) -> Model-Y | I60: =VLOOKUP(B60,$N$2:$S$41,2,FALSE()) -> Москва, Арбат | J60: =IF(F60="success",1,0) -> 1 | K60: =VLOOKUP(H60,Lookup!$A$4:$B$6,2,FALSE()) -> 14
A61: T000061 | B61: ATM-034 | C61: 46269.43 | D61: внесение | E61: 10000 | F61: success | H61: =VLOOKUP(B61,$N$2:$S$41,3,FALSE()) -> Model-X | I61: =VLOOKUP(B61,$N$2:$S$41,2,FALSE()) -> Краснодар, Гимназическая | J61: =IF(F61="success",1,0) -> 1 | K61: =VLOOKUP(H61,Lookup!$A$4:$B$6,2,FALSE()) -> 18
A62: T000062 | B62: ATM-027 | C62: 46269.449 | D62: запрос баланса | E62: 0 | F62: success | H62: =VLOOKUP(B62,$N$2:$S$41,3,FALSE()) -> Model-Z | I62: =VLOOKUP(B62,$N$2:$S$41,2,FALSE()) -> Самара, Куйбышева | J62: =IF(F62="success",1,0) -> 1 | K62: =VLOOKUP(H62,Lookup!$A$4:$B$6,2,FALSE()) -> 16
A63: T000063 | B63: ATM-017 | C63: 46269.477 | D63: запрос баланса | E63: 0 | F63: success | H63: =VLOOKUP(B63,$N$2:$S$41,3,FALSE()) -> Model-Y | I63: =VLOOKUP(B63,$N$2:$S$41,2,FALSE()) -> Екатеринбург, 8 Марта | J63: =IF(F63="success",1,0) -> 1 | K63: =VLOOKUP(H63,Lookup!$A$4:$B$6,2,FALSE()) -> 14
... A73: T000073 | B73: ATM-007 | C73: 46269.859 | D73: снятие | E73: 10000 | F73: success | H73: =VLOOKUP(B73,$N$2:$S$41,3,FALSE()) -> Model-X | I73: =VLOOKUP(B73,$N$2:$S$41,2,FALSE()) -> Санкт-Петербург, Невский пр-т | J73: =IF(F73="success",1,0) -> 1 | K73: =VLOOKUP(H73,Lookup!$A$4:$B$6,2,FALSE()) -> 18
A74: T000074 | B74: ATM-010 | C74: 46269.937 | D74: снятие | E74: 15000 | F74: failed | G74: E02 | H74: =VLOOKUP(B74,$N$2:$S$41,3,FALSE()) -> Model-X | I74: =VLOOKUP(B74,$N$2:$S$41,2,FALSE()) -> Санкт-Петербург, Большой пр-т | J74: =IF(F74="success",1,0) -> 0 | K74: =VLOOKUP(H74,Lookup!$A$4:$B$6,2,FALSE()) -> 18
A75: T000075 | B75: ATM-037 | C75: 46269.944 | D75: перевод | E75: 1500 | F75: timeout | H75: =VLOOKUP(B75,$N$2:$S$41,3,FALSE()) -> Model-X | I75: =VLOOKUP(B75,$N$2:$S$41,2,FALSE()) -> Воронеж, Революции | J75: =IF(F75="success",1,0) -> 0 | K75: =VLOOKUP(H75,Lookup!$A$4:$B$6,2,FALSE()) -> 18
A76: T000076 | B76: ATM-001 | C76: 46269.953 | D76: снятие | E76: 500 | F76: success | H76: =VLOOKUP(B76,$N$2:$S$41,3,FALSE()) -> Model-X | I76: =VLOOKUP(B76,$N$2:$S$41,2,FALSE()) -> Москва, Тверская | J76: =IF(F76="success",1,0) -> 1 | K76: =VLOOKUP(H76,Lookup!$A$4:$B$6,2,FALSE()) -> 18
A77: T000077 | B77: ATM-033 | C77: 46269.997 | D77: запрос баланса | E77: 0 | F77: success | H77: =VLOOKUP(B77,$N$2:$S$41,3,FALSE()) -> Model-Z | I77: =VLOOKUP(B77,$N$2:$S$41,2,FALSE()) -> Краснодар, Северная | J77: =IF(F77="success",1,0) -> 1 | K77: =VLOOKUP(H77,Lookup!$A$4:$B$6,2,FALSE()) -> 16
A78: T000078 | B78: ATM-005 | C78: 46270.135 | D78: внесение | E78: 3000 | F78: success | H78: =VLOOKUP(B78,$N$2:$S$41,3,FALSE()) -> Model-Y | I78: =VLOOKUP(B78,$N$2:$S$41,2,FALSE()) -> Москва, Кутузовский пр-т | J78: =IF(F78="success",1,0) -> 1 | K78: =VLOOKUP(H78,Lookup!$A$4:$B$6,2,FALSE()) -> 14
A79: T000079 | B79: ATM-023 | C79: 46270.185 | D79: снятие | E79: 10000 | F79: success | H79: =VLOOKUP(B79,$N$2:$S$41,3,FALSE()) -> Model-Y | I79: =VLOOKUP(B79,$N$2:$S$41,2,FALSE()) -> Нижний Новгород, Большая Покровская | J79: =IF(F79="success",1,0) -> 1 | K79: =VLOOKUP(H79,Lookup!$A$4:$B$6,2,FALSE()) -> 14
A80: T000080 | B80: ATM-026 | C80: 46270.268 | D80: снятие | E80: 5000 | F80: success | H80: =VLOOKUP(B80,$N$2:$S$41,3,FALSE()) -> Model-X | I80: =VLOOKUP(B80,$N$2:$S$41,2,FALSE()) -> Самара, Ленинградская | J80: =IF(F80="success",1,0) -> 1 | K80: =VLOOKUP(H80,Lookup!$A$4:$B$6,2,FALSE()) -> 18
A81: T000081 | B81: ATM-014 | C81: 46270.371 | D81: внесение | E81: 7000 | F81: success | H81: =VLOOKUP(B81,$N$2:$S$41,3,FALSE()) -> Model-Y | I81: =VLOOKUP(B81,$N$2:$S$41,2,FALSE()) -> Казань, Чистопольская | J81: =IF(F81="success",1,0) -> 1 | K81: =VLOOKUP(H81,Lookup!$A$4:$B$6,2,FALSE()) -> 14
A82: T000082 | B82: ATM-001 | C82: 46270.423 | D82: снятие | E82: 10000 | F82: success | H82: =VLOOKUP(B82,$N$2:$S$41,3,FALSE()) -> Model-X | I82: =VLOOKUP(B82,$N$2:$S$41,2,FALSE()) -> Москва, Тверская | J82: =IF(F82="success",1,0) -> 1 | K82: =VLOOKUP(H82,Lookup!$A$4:$B$6,2,FALSE()) -> 18
A83: T000083 | B83: ATM-021 | C83: 46270.451 | D83: перевод | E83: 500 | F83: success | H83: =VLOOKUP(B83,$N$2:$S$41,3,FALSE()) -> Model-X | I83: =VLOOKUP(B83,$N$2:$S$41,2,FALSE()) -> Новосибирск, Гоголя | J83: =IF(F83="success",1,0) -> 1 | K83: =VLOOKUP(H83,Lookup!$A$4:$B$6,2,FALSE()) -> 18
A84: T000085 | B84: ATM-024 | C84: 46270.487 | D84: перевод | E84: 500 | F84: success | H84: =VLOOKUP(B84,$N$2:$S$41,3,FALSE()) -> Model-Z | I84: =VLOOKUP(B84,$N$2:$S$41,2,FALSE()) -> Нижний Новгород, Рождественская | J84: =IF(F84="success",1,0) -> 1 | K84: =VLOOKUP(H84,Lookup!$A$4:$B$6,2,FALSE()) -> 16
A85: T000086 | B85: ATM-025 | C85: 46270.666 | D85: перевод | E85: 5000 | F85: success | H85: =VLOOKUP(B85,$N$2:$S$41,3,FALSE()) -> Model-X | I85: =VLOOKUP(B85,$N$2:$S$41,2,FALSE()) -> Нижний Новгород, Белинского | J85: =IF(F85="success",1,0) -> 1 | K85: =VLOOKUP(H85,Lookup!$A$4:$B$6,2,FALSE()) -> 18
A86: T000087 | B86: ATM-037 | C86: 46270.712 | D86: снятие | E86: 3000 | F86: success | H86: =VLOOKUP(B86,$N$2:$S$41,3,FALSE()) -> Model-X | I86: =VLOOKUP(B86,$N$2:$S$41,2,FALSE()) -> Воронеж, Революции | J86: =IF(F86="success",1,0) -> 1 | K86: =VLOOKUP(H86,Lookup!$A$4:$B$6,2,FALSE()) -> 18
... A91: T000092 | B91: ATM-014 | C91: 46270.83 | D91: снятие | E91: 1500 | F91: success | H91: =VLOOKUP(B91,$N$2:$S$41,3,FALSE()) -> Model-Y | I91: =VLOOKUP(B91,$N$2:$S$41,2,FALSE()) -> Казань, Чистопольская | J91: =IF(F91="success",1,0) -> 1 | K91: =VLOOKUP(H91,Lookup!$A$4:$B$6,2,FALSE()) -> 14
A92: T000093 | B92: ATM-036 | C92: 46270.845 | D92: перевод | E92: 1500 | F92: failed | G92: E02 | H92: =VLOOKUP(B92,$N$2:$S$41,3,FALSE()) -> Model-X | I92: =VLOOKUP(B92,$N$2:$S$41,2,FALSE()) -> Воронеж, Кольцовская | J92: =IF(F92="success",1,0) -> 0 | K92: =VLOOKUP(H92,Lookup!$A$4:$B$6,2,FALSE()) -> 18
A93: T000094 | B93: ATM-021 | C93: 46270.874 | D93: снятие | E93: 1000 | F93: success | H93: =VLOOKUP(B93,$N$2:$S$41,3,FALSE()) -> Model-X | I93: =VLOOKUP(B93,$N$2:$S$41,2,FALSE()) -> Новосибирск, Гоголя | J93: =IF(F93="success",1,0) -> 1 | K93: =VLOOKUP(H93,Lookup!$A$4:$B$6,2,FALSE()) -> 18
A94: T000096 | B94: ATM-027 | C94: 46270.948 | D94: снятие | E94: 15000 | F94: success | H94: =VLOOKUP(B94,$N$2:$S$41,3,FALSE()) -> Model-Z | I94: =VLOOKUP(B94,$N$2:$S$41,2,FALSE()) -> Самара, Куйбышева | J94: =IF(F94="success",1,0) -> 1 | K94: =VLOOKUP(H94,Lookup!$A$4:$B$6,2,FALSE()) -> 16
A95: T000097 | B95: ATM-002 | C95: 46271.029 | D95: перевод | E95: 5000 | F95: failed | G95: E03 | H95: =VLOOKUP(B95,$N$2:$S$41,3,FALSE()) -> Model-Y | I95: =VLOOKUP(B95,$N$2:$S$41,2,FALSE()) -> Москва, Арбат | J95: =IF(F95="success",1,0) -> 0 | K95: =VLOOKUP(H95,Lookup!$A$4:$B$6,2,FALSE()) -> 14
A96: T000098 | B96: ATM-015 | C96: 46271.321 | D96: перевод | E96: 1000 | F96: timeout | H96: =VLOOKUP(B96,$N$2:$S$41,3,FALSE()) -> Model-Z | I96: =VLOOKUP(B96,$N$2:$S$41,2,FALSE()) -> Екатеринбург, Ленина | J96: =IF(F96="success",1,0) -> 0 | K96: =VLOOKUP(H96,Lookup!$A$4:$B$6,2,FALSE()) -> 16
A97: T000099 | B97: ATM-031 | C97: 46271.334 | D97: запрос баланса | E97: 0 | F97: success | H97: =VLOOKUP(B97,$N$2:$S$41,3,FALSE()) -> Model-X | I97: =VLOOKUP(B97,$N$2:$S$41,2,FALSE()) -> Ростов-на-Дону, Пушкинская | J97: =IF(F97="success",1,0) -> 1 | K97: =VLOOKUP(H97,Lookup!$A$4:$B$6,2,FALSE()) -> 18
A98: T000100 | B98: ATM-023 | C98: 46271.347 | D98: перевод | E98: 3000 | F98: success | H98: =VLOOKUP(B98,$N$2:$S$41,3,FALSE()) -> Model-Y | I98: =VLOOKUP(B98,$N$2:$S$41,2,FALSE()) -> Нижний Новгород, Большая Покровская | J98: =IF(F98="success",1,0) -> 1 | K98: =VLOOKUP(H98,Lookup!$A$4:$B$6,2,FALSE()) -> 14
A99: T000101 | B99: ATM-020 | C99: 46271.474 | D99: запрос баланса | E99: 0 | F99: success | H99: =VLOOKUP(B99,$N$2:$S$41,3,FALSE()) -> Model-Y | I99: =VLOOKUP(B99,$N$2:$S$41,2,FALSE()) -> Новосибирск, Ленина | J99: =IF(F99="success",1,0) -> 1 | K99: =VLOOKUP(H99,Lookup!$A$4:$B$6,2,FALSE()) -> 14
A100: T000102 | B100: ATM-004 | C100: 46271.513 | D100: запрос баланса | E100: 0 | F100: success | H100: =VLOOKUP(B100,$N$2:$S$41,3,FALSE()) -> Model-X | I100: =VLOOKUP(B100,$N$2:$S$41,2,FALSE()) -> Москва, Ленинградский пр-т | J100: =IF(F100="success",1,0) -> 1 | K100: =VLOOKUP(H100,Lookup!$A$4:$B$6,2,FALSE()) -> 18
A101: T000103 | B101: ATM-001 | C101: 46271.66 | D101: снятие | E101: 1000 | F101: success | H101: =VLOOKUP(B101,$N$2:$S$41,3,FALSE()) -> Model-X | I101: =VLOOKUP(B101,$N$2:$S$41,2,FALSE()) -> Москва, Тверская | J101: =IF(F101="success",1,0) -> 1 | K101: =VLOOKUP(H101,Lookup!$A$4:$B$6,2,FALSE()) -> 18
A102: T000104 | B102: ATM-012 | C102: 46271.714 | D102: снятие | E102: 3000 | F102: success | H102: =VLOOKUP(B102,$N$2:$S$41,3,FALSE()) -> Model-Z | I102: =VLOOKUP(B102,$N$2:$S$41,2,FALSE()) -> Казань, Кремлёвская | J102: =IF(F102="success",1,0) -> 1 | K102: =VLOOKUP(H102,Lookup!$A$4:$B$6,2,FALSE()) -> 16
A103: T000105 | B103: ATM-020 | C103: 46271.737 | D103: внесение | E103: 1500 | F103: success | H103: =VLOOKUP(B103,$N$2:$S$41,3,FALSE()) -> Model-Y | I103: =VLOOKUP(B103,$N$2:$S$41,2,FALSE()) -> Новосибирск, Ленина | J103: =IF(F103="success",1,0) -> 1 | K103: =VLOOKUP(H103,Lookup!$A$4:$B$6,2,FALSE()) -> 14
A104: T000106 | B104: ATM-036 | C104: 46271.82 | D104: снятие | E104: 15000 | F104: success | H104: =VLOOKUP(B104,$N$2:$S$41,3,FALSE()) -> Model-X | I104: =VLOOKUP(B104,$N$2:$S$41,2,FALSE()) -> Воронеж, Кольцовская | J104: =IF(F104="success",1,0) -> 1 | K104: =VLOOKUP(H104,Lookup!$A$4:$B$6,2,FALSE()) -> 18
A105: T000107 | B105: ATM-036 | C105: 46271.91 | D105: снятие | E105: 1000 | F105: success | H105: =VLOOKUP(B105,$N$2:$S$41,3,FALSE()) -> Model-X | I105: =VLOOKUP(B105,$N$2:$S$41,2,FALSE()) -> Воронеж, Кольцовская | J105: =IF(F105="success",1,0) -> 1 | K105: =VLOOKUP(H105,Lookup!$A$4:$B$6,2,FALSE()) -> 18
A106: T000108 | B106: ATM-031 | C106: 46271.952 | D106: перевод | E106: 2000 | F106: timeout | H106: =VLOOKUP(B106,$N$2:$S$41,3,FALSE()) -> Model-X | I106: =VLOOKUP(B106,$N$2:$S$41,2,FALSE()) -> Ростов-на-Дону, Пушкинская | J106: =IF(F106="success",1,0) -> 0 | K106: =VLOOKUP(H106,Lookup!$A$4:$B$6,2,FALSE()) -> 18
A107: T000109 | B107: ATM-029 | C107: 46272.299 | D107: снятие | E107: 3000 | F107: success | H107: =VLOOKUP(B107,$N$2:$S$41,3,FALSE()) -> Model-Y | I107: =VLOOKUP(B107,$N$2:$S$41,2,FALSE()) -> Ростов-на-Дону, Садовая | J107: =IF(F107="success",1,0) -> 1 | K107: =VLOOKUP(H107,Lookup!$A$4:$B$6,2,FALSE()) -> 14
... A118: T000120 | B118: ATM-031 | C118: 46272.515 | D118: внесение | E118: 15000 | F118: success | H118: =VLOOKUP(B118,$N$2:$S$41,3,FALSE()) -> Model-X | I118: =VLOOKUP(B118,$N$2:$S$41,2,FALSE()) -> Ростов-на-Дону, Пушкинская | J118: =IF(F118="success",1,0) -> 1 | K118: =VLOOKUP(H118,Lookup!$A$4:$B$6,2,FALSE()) -> 18
A119: T000121 | B119: ATM-026 | C119: 46272.579 | D119: снятие | E119: 1500 | F119: failed | G119: E01 | H119: =VLOOKUP(B119,$N$2:$S$41,3,FALSE()) -> Model-X | I119: =VLOOKUP(B119,$N$2:$S$41,2,FALSE()) -> Самара, Ленинградская | J119: =IF(F119="success",1,0) -> 0 | K119: =VLOOKUP(H119,Lookup!$A$4:$B$6,2,FALSE()) -> 18
A120: T000122 | B120: ATM-034 | C120: 46272.588 | D120: запрос баланса | E120: 0 | F120: success | H120: =VLOOKUP(B120,$N$2:$S$41,3,FALSE()) -> Model-X | I120: =VLOOKUP(B120,$N$2:$S$41,2,FALSE()) -> Краснодар, Гимназическая | J120: =IF(F120="success",1,0) -> 1 | K120: =VLOOKUP(H120,Lookup!$A$4:$B$6,2,FALSE()) -> 18
A121: T000123 | B121: ATM-021 | C121: 46272.597 | D121: снятие | E121: 5000 | F121: timeout | H121: =VLOOKUP(B121,$N$2:$S$41,3,FALSE()) -> Model-X | I121: =VLOOKUP(B121,$N$2:$S$41,2,FALSE()) -> Новосибирск, Гоголя | J121: =IF(F121="success",1,0) -> 0 | K121: =VLOOKUP(H121,Lookup!$A$4:$B$6,2,FALSE()) -> 18
A122: T000124 | B122: ATM-029 | C122: 46272.6 | D122: внесение | E122: 2000 | F122: success | H122: =VLOOKUP(B122,$N$2:$S$41,3,FALSE()) -> Model-Y | I122: =VLOOKUP(B122,$N$2:$S$41,2,FALSE()) -> Ростов-на-Дону, Садовая | J122: =IF(F122="success",1,0) -> 1 | K122: =VLOOKUP(H122,Lookup!$A$4:$B$6,2,FALSE()) -> 14
A123: T000125 | B123: ATM-024 | C123: 46272.663 | D123: снятие | E123: 5000 | F123: success | H123: =VLOOKUP(B123,$N$2:$S$41,3,FALSE()) -> Model-Z | I123: =VLOOKUP(B123,$N$2:$S$41,2,FALSE()) -> Нижний Новгород, Рождественская | J123: =IF(F123="success",1,0) -> 1 | K123: =VLOOKUP(H123,Lookup!$A$4:$B$6,2,FALSE()) -> 16
A124: T000126 | B124: ATM-010 | C124: 46272.681 | D124: снятие | E124: 500 | F124: success | H124: =VLOOKUP(B124,$N$2:$S$41,3,FALSE()) -> Model-X | I124: =VLOOKUP(B124,$N$2:$S$41,2,FALSE()) -> Санкт-Петербург, Большой пр-т | J124: =IF(F124="success",1,0) -> 1 | K124: =VLOOKUP(H124,Lookup!$A$4:$B$6,2,FALSE()) -> 18
...

Sheet Pivot
A1: Сводка: model × location (формулы COUNTIFS/SUMIFS по листу Raw)
A2: Вычисляемое поле Success Rate в сводной таблице Excel не умеет считать «долю status = success» — поэтому в Raw добавлен столбец is_success (1/0), а Success Rate = SUM(is_success) / COUNT.
A4: model | B4: location | C4: txns | D4: sum_amount, ₽ | E4: success_txns | F4: success_rate
A5: Model-X | B5: Воронеж, Кольцовская | C5: =COUNTIFS(Raw!$H$2:$H$656,A5,Raw!$I$2:$I$656,B5) -> 17 | D5: =SUMIFS(Raw!$E$2:$E$656,Raw!$H$2:$H$656,A5,Raw!$I$2:$I$656,B5) -> 98500 | E5: =SUMIFS(Raw!$J$2:$J$656,Raw!$H$2:$H$656,A5,Raw!$I$2:$I$656,B5) -> 16 | F5: =IF(C5=0,"—",E5/C5) -> 0.94117647
A6: Model-X | B6: Воронеж, Революции | C6: =COUNTIFS(Raw!$H$2:$H$656,A6,Raw!$I$2:$I$656,B6) -> 19 | D6: =SUMIFS(Raw!$E$2:$E$656,Raw!$H$2:$H$656,A6,Raw!$I$2:$I$656,B6) -> 72000 | E6: =SUMIFS(Raw!$J$2:$J$656,Raw!$H$2:$H$656,A6,Raw!$I$2:$I$656,B6) -> 17 | F6: =IF(C6=0,"—",E6/C6) -> 0.89473684
A7: Model-X | B7: Екатеринбург, Малышева | C7: =COUNTIFS(Raw!$H$2:$H$656,A7,Raw!$I$2:$I$656,B7) -> 20 | D7: =SUMIFS(Raw!$E$2:$E$656,Raw!$H$2:$H$656,A7,Raw!$I$2:$I$656,B7) -> 103500 | E7: =SUMIFS(Raw!$J$2:$J$656,Raw!$H$2:$H$656,A7,Raw!$I$2:$I$656,B7) -> 15 | F7: =IF(C7=0,"—",E7/C7) -> 0.75
A8: Model-X | B8: Казань, Баумана | C8: =COUNTIFS(Raw!$H$2:$H$656,A8,Raw!$I$2:$I$656,B8) -> 18 | D8: =SUMIFS(Raw!$E$2:$E$656,Raw!$H$2:$H$656,A8,Raw!$I$2:$I$656,B8) -> 60500 | E8: =SUMIFS(Raw!$J$2:$J$656,Raw!$H$2:$H$656,A8,Raw!$I$2:$I$656,B8) -> 14 | F8: =IF(C8=0,"—",E8/C8) -> 0.77777778
A9: Model-X | B9: Казань, Пушкина | C9: =COUNTIFS(Raw!$H$2:$H$656,A9,Raw!$I$2:$I$656,B9) -> 19 | D9: =SUMIFS(Raw!$E$2:$E$656,Raw!$H$2:$H$656,A9,Raw!$I$2:$I$656,B9) -> 44500 | E9: =SUMIFS(Raw!$J$2:$J$656,Raw!$H$2:$H$656,A9,Raw!$I$2:$I$656,B9) -> 18 | F9: =IF(C9=0,"—",E9/C9) -> 0.94736842
A10: Model-X | B10: Краснодар, Гимназическая | C10: =COUNTIFS(Raw!$H$2:$H$656,A10,Raw!$I$2:$I$656,B10) -> 19 | D10: =SUMIFS(Raw!$E$2:$E$656,Raw!$H$2:$H$656,A10,Raw!$I$2:$I$656,B10) -> 109000 | E10: =SUMIFS(Raw!$J$2:$J$656,Raw!$H$2:$H$656,A10,Raw!$I$2:$I$656,B10) -> 17 | F10: =IF(C10=0,"—",E10/C10) -> 0.89473684
A11: Model-X | B11: Москва, Ленинградский пр-т | C11: =COUNTIFS(Raw!$H$2:$H$656,A11,Raw!$I$2:$I$656,B11) -> 24 | D11: =SUMIFS(Raw!$E$2:$E$656,Raw!$H$2:$H$656,A11,Raw!$I$2:$I$656,B11) -> 92000 | E11: =SUMIFS(Raw!$J$2:$J$656,Raw!$H$2:$H$656,A11,Raw!$I$2:$I$656,B11) -> 20 | F11: =IF(C11=0,"—",E11/C11) -> 0.83333333
A12: Model-X | B12: Москва, Профсоюзная | C12: =COUNTIFS(Raw!$H$2:$H$656,A12,Raw!$I$2:$I$656,B12) -> 19 | D12: =SUMIFS(Raw!$E$2:$E$656,Raw!$H$2:$H$656,A12,Raw!$I$2:$I$656,B12) -> 77500 | E12: =SUMIFS(Raw!$J$2:$J$656,Raw!$H$2:$H$656,A12,Raw!$I$2:$I$656,B12) -> 17 | F12: =IF(C12=0,"—",E12/C12) -> 0.89473684
A13: Model-X | B13: Москва, Тверская | C13: =COUNTIFS(Raw!$H$2:$H$656,A13,Raw!$I$2:$I$656,B13) -> 25 | D13: =SUMIFS(Raw!$E$2:$E$656,Raw!$H$2:$H$656,A13,Raw!$I$2:$I$656,B13) -> 146500 | E13: =SUMIFS(Raw!$J$2:$J$656,Raw!$H$2:$H$656,A13,Raw!$I$2:$I$656,B13) -> 21 | F13: =IF(C13=0,"—",E13/C13) -> 0.84
A14: Model-X | B14: Нижний Новгород, Белинского | C14: =COUNTIFS(Raw!$H$2:$H$656,A14,Raw!$I$2:$I$656,B14) -> 12 | D14: =SUMIFS(Raw!$E$2:$E$656,Raw!$H$2:$H$656,A14,Raw!$I$2:$I$656,B14) -> 38500 | E14: =SUMIFS(Raw!$J$2:$J$656,Raw!$H$2:$H$656,A14,Raw!$I$2:$I$656,B14) -> 10 | F14: =IF(C14=0,"—",E14/C14) -> 0.83333333
A15: Model-X | B15: Новосибирск, Гоголя | C15: =COUNTIFS(Raw!$H$2:$H$656,A15,Raw!$I$2:$I$656,B15) -> 24 | D15: =SUMIFS(Raw!$E$2:$E$656,Raw!$H$2:$H$656,A15,Raw!$I$2:$I$656,B15) -> 66500 | E15: =SUMIFS(Raw!$J$2:$J$656,Raw!$H$2:$H$656,A15,Raw!$I$2:$I$656,B15) -> 19 | F15: =IF(C15=0,"—",E15/C15) -> 0.79166667
A16: Model-X | B16: Новосибирск, Дуси Ковальчук | C16: =COUNTIFS(Raw!$H$2:$H$656,A16,Raw!$I$2:$I$656,B16) -> 13 | D16: =SUMIFS(Raw!$E$2:$E$656,Raw!$H$2:$H$656,A16,Raw!$I$2:$I$656,B16) -> 37000 | E16: =SUMIFS(Raw!$J$2:$J$656,Raw!$H$2:$H$656,A16,Raw!$I$2:$I$656,B16) -> 11 | F16: =IF(C16=0,"—",E16/C16) -> 0.84615385
... A44: Model-Z | B44: Уфа, Чернышевского | C44: =COUNTIFS(Raw!$H$2:$H$656,A44,Raw!$I$2:$I$656,B44) -> 0 | D44: =SUMIFS(Raw!$E$2:$E$656,Raw!$H$2:$H$656,A44,Raw!$I$2:$I$656,B44) -> 0 | E44: =SUMIFS(Raw!$J$2:$J$656,Raw!$H$2:$H$656,A44,Raw!$I$2:$I$656,B44) -> 0 | F44: =IF(C44=0,"—",E44/C44) -> —
A45: ИТОГО | C45: =SUM(C5:C44) -> 655 | D45: =SUM(D5:D44) -> 2722000 | E45: =SUM(E5:E44) -> 581 | F45: =E45/C45 -> 0.8870229

Sheet Lookup
A1: model_cost — стоимость обслуживания одной транзакции, ₽ (условные значения для учебного проекта)
A3: model | B3: cost_per_txn_rub | D3: model | E3: txns | F3: service_cost_rub (СУММЕСЛИ) | G3: success_rate
A4: Model-X | B4: 18 | D4: =A4 -> Model-X | E4: =COUNTIF(Raw!$H$2:$H$656,D4) -> 329 | F4: =SUMIF(Raw!$H$2:$H$656,D4,Raw!$K$2:$K$656) -> 5922 | G4: =SUMIFS(Raw!$J$2:$J$656,Raw!$H$2:$H$656,D4)/E4 -> 0.83586626
A5: Model-Y | B5: 14 | D5: =A5 -> Model-Y | E5: =COUNTIF(Raw!$H$2:$H$656,D5) -> 185 | F5: =SUMIF(Raw!$H$2:$H$656,D5,Raw!$K$2:$K$656) -> 2590 | G5: =SUMIFS(Raw!$J$2:$J$656,Raw!$H$2:$H$656,D5)/E5 -> 0.97297297
A6: Model-Z | B6: 16 | D6: =A6 -> Model-Z | E6: =COUNTIF(Raw!$H$2:$H$656,D6) -> 141 | F6: =SUMIF(Raw!$H$2:$H$656,D6,Raw!$K$2:$K$656) -> 2256 | G6: =SUMIFS(Raw!$J$2:$J$656,Raw!$H$2:$H$656,D6)/E6 -> 0.89361702
D7: ИТОГО | E7: =SUM(E4:E6) -> 655 | F7: =SUM(F4:F6) -> 10768 | G7: =SUM(Raw!$J$2:$J$656)/E7 -> 0.8870229
A9: Проверка: ИТОГО txns должно равняться числу строк Raw | D9: =IF(E7=COUNTA(Raw!$A$2:$A$656),"OK","ОШИБКА") -> OK
